{
  "baseline_results": {
    "classical_threshold": {
      "predictions": [
        0.7999999999999999,
        0.8999999999999999,
        0.5,
        0.7999999999999999,
        0.5,
        0.5,
        0.5,
        0.5,
        0.5,
        0.5,
        0.5,
        0.5,
        0.5,
        0.5,
        0.5,
        0.5,
        0.5,
        0.5,
        0.5,
        0.5,
        0.25,
        0.5,
        0.19999999999999998,
        0.19999999999999998,
        0.25,
        0.5,
        0.5,
        0.5,
        0.5,
        0.5
      ],
      "ground_truths": [
        0.95,
        0.98,
        0.9,
        0.99,
        0.97,
        0.94,
        0.92,
        0.99,
        0.85,
        0.88,
        0.65,
        0.7,
        0.6,
        0.75,
        0.72,
        0.55,
        0.68,
        0.8,
        0.77,
        0.85,
        0.25,
        0.2,
        0.3,
        0.15,
        0.1,
        0.35,
        0.25,
        0.05,
        0.02,
        0.2
      ],
      "accuracy": 0.7443333333333333,
      "mae": 0.25566666666666665,
      "avg_time": 4.982948303222656e-06,
      "std_time": 1.496605063102825e-06
    },
    "simple_bayesian": {
      "predictions": [
        0.95,
        0.95,
        0.95,
        0.95,
        0.95,
        0.95,
        0.95,
        0.95,
        0.95,
        0.95,
        0.95,
        0.95,
        0.95,
        0.95,
        0.95,
        0.95,
        0.95,
        0.95,
        0.95,
        0.95,
        0.95,
        0.95,
        0.3333333333333333,
        0.95,
        0.95,
        0.95,
        0.95,
        0.95,
        0.95,
        0.95
      ],
      "ground_truths": [
        0.95,
        0.98,
        0.9,
        0.99,
        0.97,
        0.94,
        0.92,
        0.99,
        0.85,
        0.88,
        0.65,
        0.7,
        0.6,
        0.75,
        0.72,
        0.55,
        0.68,
        0.8,
        0.77,
        0.85,
        0.25,
        0.2,
        0.3,
        0.15,
        0.1,
        0.35,
        0.25,
        0.05,
        0.02,
        0.2
      ],
      "accuracy": 0.6722222222222223,
      "mae": 0.3277777777777777,
      "avg_time": 4.720687866210938e-06,
      "std_time": 1.3680352930552669e-06
    },
    "keyword_frequency": {
      "predictions": [
        0.44000000000000006,
        0.2,
        0.2,
        0.509090909090909,
        0.23529411764705882,
        0.3384615384615385,
        0.3384615384615385,
        0.3090909090909091,
        0.2545454545454546,
        0.2923076923076923,
        0.26,
        0.36153846153846153,
        0.2692307692307693,
        0.3153846153846154,
        0.3909090909090909,
        0.5,
        0.2529411764705882,
        0.4076923076923077,
        0.44545454545454544,
        0.2818181818181818,
        0.33999999999999997,
        0.3909090909090909,
        0.3,
        0.4076923076923077,
        0.45384615384615384,
        0.3909090909090909,
        0.36153846153846153,
        0.4076923076923077,
        0.3153846153846154,
        0.4076923076923077
      ],
      "ground_truths": [
        0.95,
        0.98,
        0.9,
        0.99,
        0.97,
        0.94,
        0.92,
        0.99,
        0.85,
        0.88,
        0.65,
        0.7,
        0.6,
        0.75,
        0.72,
        0.55,
        0.68,
        0.8,
        0.77,
        0.85,
        0.25,
        0.2,
        0.3,
        0.15,
        0.1,
        0.35,
        0.25,
        0.05,
        0.02,
        0.2
      ],
      "accuracy": 0.6085518990813108,
      "mae": 0.39144810091868915,
      "avg_time": 5.038579305013021e-06,
      "std_time": 3.259262735203609e-06
    }
  },
  "novel_results": {
    "quantum_annealing": {
      "predictions": [
        0.8902448281157562,
        0.8431360099117927,
        0.8562543453186338,
        0.9620279508518832,
        0.883922613563269,
        0.7600888126062629,
        0.6307793683288437,
        0.6197845118239156,
        0.785418414450481,
        0.8460316630947828,
        0.6935799363630852,
        0.6994946254825407,
        0.7352408053854023,
        0.7311114776811567,
        0.6249460347397677,
        0.5644466735541551,
        0.643235899283976,
        0.3754448208321201,
        0.5370408386428359,
        0.7664032206082296,
        0.320868171698415,
        0.4302655736639042,
        0.3195033244072924,
        0.4993243128653415,
        0.25884398978182876,
        0.22786303424714083,
        0.2697864482123373,
        0.20722474847142303,
        0.4581742868959229,
        0.1994168509567237
      ],
      "ground_truths": [
        0.95,
        0.98,
        0.9,
        0.99,
        0.97,
        0.94,
        0.92,
        0.99,
        0.85,
        0.88,
        0.65,
        0.7,
        0.6,
        0.75,
        0.72,
        0.55,
        0.68,
        0.8,
        0.77,
        0.85,
        0.25,
        0.2,
        0.3,
        0.15,
        0.1,
        0.35,
        0.25,
        0.05,
        0.02,
        0.2
      ],
      "accuracy": 0.8685129016413669,
      "mae": 0.13148709835863318,
      "avg_time": 6.190935770670573e-05,
      "std_time": 1.2880590255843635e-05
    },
    "multi_agent_consensus": {
      "predictions": [
        1.0,
        0.4623081968269449,
        0.46568416326172807,
        1.0,
        0.4892595843683412,
        0.5047487508341814,
        0.496501203923454,
        0.5046873673996766,
        0.46591543912672456,
        0.5040374899474903,
        0.0929792486139244,
        0.5036732802540012,
        0.48472978465977135,
        0.4915047202482534,
        0.5018738273989224,
        0.10101220571566623,
        0.05056143969734063,
        0.49121682538051686,
        0.468633649598141,
        0.49017187418810565,
        0.12030616823525908,
        0.48155988228222935,
        0.49912640385578333,
        0.49803794226719494,
        0.4931343627354671,
        0.49580273349045495,
        0.07825333824321032,
        0.5074542401865428,
        0.4495618183658341,
        0.4994831325795528
      ],
      "ground_truths": [
        0.95,
        0.98,
        0.9,
        0.99,
        0.97,
        0.94,
        0.92,
        0.99,
        0.85,
        0.88,
        0.65,
        0.7,
        0.6,
        0.75,
        0.72,
        0.55,
        0.68,
        0.8,
        0.77,
        0.85,
        0.25,
        0.2,
        0.3,
        0.15,
        0.1,
        0.35,
        0.25,
        0.05,
        0.02,
        0.2
      ],
      "accuracy": 0.6717966014052865,
      "mae": 0.32820339859471354,
      "avg_time": 0.005771923065185547,
      "std_time": 0.00047239212876307033
    },
    "temporal_dynamics": {
      "predictions": [
        0.6606809655082562,
        0.5481087344765184,
        0.5535589727442228,
        0.6990706230567536,
        0.5815161696496431,
        0.5802797815286609,
        0.5906702984172085,
        0.5956696666665215,
        0.5997246732952118,
        0.6123755918325378,
        0.31673504980233474,
        0.5685837962847773,
        0.5710799081060028,
        0.573417873741898,
        0.5660911803046185,
        0.28923270951434843,
        0.2741806180401221,
        0.4856002178541272,
        0.47910776072120737,
        0.47385065573416546,
        0.16787828757871137,
        0.430890308312014,
        0.22235951302617535,
        0.20150733973168106,
        0.3517540894621899,
        0.3396797690816417,
        0.1797902008147253,
        0.325348285586654,
        0.3181693597217383,
        0.3109536844443379
      ],